concept_1,concept_2,cooccurrence,group_1,group_2,jaccard
gap,wage,52,inequality,career,0.4
dominated,male,93,inequality,gender,0.33695652173913043
gap,pay,61,inequality,career,0.32972972972972975
engineering,job,149,stem,career,0.28598848368522073
engineering,work,105,stem,career,0.2777777777777778
equal,gender,72,inequality,gender,0.2376237623762376
equal,man,115,inequality,gender,0.22727272727272727
career,engineering,80,career,stem,0.2222222222222222
equal,male,72,inequality,gender,0.21818181818181817
man,pay,110,gender,career,0.21653543307086615
gap,work,62,inequality,career,0.20064724919093851
dominated,female,61,inequality,gender,0.19934640522875818
equal,female,66,inequality,gender,0.19760479041916168
gap,gender,56,inequality,gender,0.1917808219178082
equal,woman,132,inequality,gender,0.19158200290275762
pay,woman,129,career,gender,0.18722786647314948
male,pay,62,gender,career,0.18397626112759644
gap,man,92,inequality,gender,0.18326693227091634
career,girl,55,career,gender,0.18272425249169436
equal,work,61,inequality,career,0.18100890207715134
career,science,53,career,stem,0.17905405405405406
equal,job,88,inequality,career,0.17706237424547283
gap,male,56,inequality,gender,0.1755485893416928
girl,work,58,gender,career,0.17008797653958943
gender,pay,54,gender,career,0.16981132075471697
dominated,man,85,inequality,gender,0.16898608349900596
equal,pay,39,inequality,career,0.16666666666666666
girl,job,83,gender,career,0.16500994035785288
bias,hiring,16,inequality,career,0.16494845360824742
female,pay,56,gender,career,0.16422287390029325
pay,stem,91,career,stem,0.1602112676056338
career,equal,48,career,inequality,0.1563517915309446
industry,male,50,career,gender,0.1557632398753894
job,science,78,career,stem,0.15568862275449102
gap,woman,106,inequality,gender,0.15406976744186046
science,work,52,stem,career,0.15294117647058825
gap,job,73,inequality,career,0.15051546391752577
